<!DOCTYPE html PUBLIC "-//W3C//DTD XHTML 1.0 Strict//EN" "http://www.w3.org/TR/xhtml1/DTD/xhtml1-strict.dtd">
<html xmlns="http://www.w3.org/1999/xhtml" lang="en" xml:lang="en">
<head>
 <title>Page not found | Society of Systematic Biologists</title>
<meta http-equiv="Content-Type" content="text/html; charset=utf-8" />
<base href="http://systbio.org.whsites.net/" />
<style type="text/css" media="all">@import "misc/drupal.css";</style> <link rel="stylesheet" type="text/css" href="themes/chameleon/common.css" />
<style type="text/css" media="all">@import "themes/chameleon/style.css";</style></head><body>
 <div id="header">  <a href="./" title="Home"><img src="files/SSB_logo_final.png" alt="Home" /></a>  <h1 class="site-name title"><a href="?q=">Society of Systematic Biologists</a></h1>  <div class="site-slogan">Home of Systematic Biology</div></div>
 <div class="navlinks"><div class="primary"><!-- <a onmouseover="this.style.color='#ff9519';" style="color:#4a8897;font-size:16px;" onmouseout="this.style.color='#000000';" href="/">Home | </a>-->
<div style="border-bottom:1px solid rgb(128,128,128);padding:8px;"><a style="font-size:16px;" href="/">Home</a>
 | <a style="font-size:16px;" href="node/6">Join</a>
 | <a style="font-size:16px;" href="node/279">Contact</a>
 | <a  style="font-size:16px;" href="http://sysbio.oxfordjournals.org/" target="_new"><i>Systematic Biology</i></a>
 | <a  style="font-size:16px;" href="http://mc.manuscriptcentral.com/systbiol" target="_new">Submit a manuscript</a>
 | <a style="font-size:16px;" href="node/3">Conference</a>
| <a style="font-size:16px;" href="http://twitter.com/systbiol"><img src="files/twitter.png" border="0" /> Follow us on Twitter</a>
| <a style="font-size:16px;" href="http://www.facebook.com/groups/162698383797033"><img src="files/facebook.png" border="0" /> Find us on Facebook</a>
</div></div> </div>
 <table id="content">
  <tr>
   <td id="sidebar-left"><div class="block block-menu" id="block-menu-38">
 <h2 class="title">Systematic Biology</h2>
 <div class="content"><div class="menu">
<ul>
<li class="leaf"><a href="?q=node/88" title="">Issues Online</a></li>
<li class="collapsed"><a href="?q=node/35" title="">Appendices and data</a></li>
<li class="collapsed"><a href="?q=node/27" title="">Editorial information</a></li>
<li class="leaf"><a href="?q=node/424" title="SSB logo in various formats">Logo</a></li>
<li class="collapsed"><a href="?q=node/80" title="">Teaching aides</a></li>

</ul>
</div></div>
</div>
<div class="block block-menu" id="block-menu-47">
 <h2 class="title">Membership</h2>
 <div class="content"><div class="menu">
<ul>
<li class="leaf"><a href="?q=node/67" title="">Access journal online</a></li>
<li class="leaf"><a href="?q=node/11" title="">Benefits of membership</a></li>
<li class="leaf"><a href="?q=node/279" title="">Contact</a></li>
<li class="leaf"><a href="?q=node/6" title="">Join</a></li>
<li class="leaf"><a href="?q=node/226" title="Renew SSB Membership">Renew</a></li>
<li class="leaf"><a href="?q=node/110" title="">Membership Directory</a></li>

</ul>
</div></div>
</div>
<div class="block block-menu" id="block-menu-303">
 <h2 class="title">Merchandise</h2>
 <div class="content"><div class="menu">
<ul>
<li class="leaf"><a href="?q=node/253" title="">CafePress</a></li>

</ul>
</div></div>
</div>
<div class="block block-menu" id="block-menu-83">
 <h2 class="title">Society</h2>
 <div class="content"><div class="menu">
<ul>
<li class="leaf"><a href="?q=node/139" title="">Careers in systematics</a></li>
<li class="leaf"><a href="?q=node/75" title="">Council</a></li>
<li class="collapsed"><a href="?q=node/31" title="">Governance</a></li>
<li class="collapsed"><a href="?q=node/34" title="">History</a></li>
<li class="leaf"><a href="?q=node/276" title="">Minutes of AGM</a></li>
<li class="collapsed"><a href="?q=node/133" title="">Officers</a></li>
<li class="leaf"><a href="?q=node/15" title="">Past-President</a></li>
<li class="leaf"><a href="?q=node/13" title="">President</a></li>
<li class="leaf"><a href="?q=node/14" title="">President-Elect</a></li>

</ul>
</div></div>
</div>
<div class="block block-menu" id="block-menu-49">
 <h2 class="title">Annual Conference</h2>
 <div class="content"><div class="menu">
<ul>
<li class="leaf"><a href="?q=node/3" title="">Current</a></li>
<li class="leaf"><a href="?q=node/167" title="Past conferences">Past</a></li>
<li class="leaf"><a href="?q=node/199" title="">Past Symposia</a></li>
<li class="leaf"><a href="?q=node/4" title="">Future</a></li>
<li class="leaf"><a href="?q=node/449" title="Policy on acceptable conduct at society meetings">Policy Statement</a></li>

</ul>
</div></div>
</div>
<div class="block block-menu" id="block-menu-51">
 <h2 class="title">Awards</h2>
 <div class="content"><div class="menu">
<ul>
<li class="leaf"><a href="?q=node/70" title="">Claiming your award</a></li>
<li class="leaf"><a href="?q=node/26" title="">Mini-ARTS</a></li>
<li class="leaf"><a href="?q=node/24" title="">President's Award</a></li>
<li class="collapsed"><a href="?q=node/20" title="">Student awards</a></li>

</ul>
</div></div>
</div>
<div class="block block-menu" id="block-menu-143">
 <h2 class="title">How to add content</h2>
 <div class="content"><div class="menu">
<ul>
<li class="leaf"><a href="?q=node/44" title="">Adding a news item</a></li>
<li class="leaf"><a href="?q=node/77" title="">Adding a page</a></li>
<li class="leaf"><a href="?q=node/196" title="">Creating cover thumbnails</a></li>

</ul>
</div></div>
</div>
<div class="block block-menu" id="block-menu-267">
 <h2 class="title">Archive</h2>
 <div class="content"><div class="menu">
<ul>
<li class="leaf"><a href="?q=node/150" title="Archive of defunct journal Phyloinformatics">Phyloinformatics</a></li>

</ul>
</div></div>
</div>
<div class="block block-menu" id="block-menu-284">
 <h2 class="title">Links</h2>
 <div class="content"><div class="menu">
<ul>
<li class="leaf"><a href="?q=node/274" title="">Other meetings</a></li>
<li class="leaf"><a href="?q=node/47" title="">Other societies</a></li>
<li class="leaf"><a href="?q=node/186" title="">Useful links</a></li>

</ul>
</div></div>
</div>
<div class="block block-statistics" id="block-statistics-0">
 <h2 class="title">Popular content</h2>
 <div class="content"><div class="item-list"><h3>Today's:</h3><ul><li><a href="?q=node/364">NSF Graduate Assistantship studying Hawaiian land snails</a></li><li><a href="?q=node/304">NESCent Phyloinformatics VoCamp</a></li><li><a href="?q=node/208">56(4) August 2007</a></li></ul></div></div>
</div>
<div class="block block-node" id="block-node-0">
 <h2 class="title">Syndicate</h2>
 <div class="content"><div class="xml-icon"><a href="?q=node/feed"><img src="misc/xml.png" width="36" height="14" alt="XML feed" title="XML feed" /></a></div></div>
</div>
<div class="block block-taxonomy" id="block-taxonomy-0">
 <h2 class="title">Categories</h2>
 <div class="content"><div class="item-list"><ul><li><a href="?q=taxonomy/term/6">General (29)</a><br />21 weeks 6 days ago</li><li><a href="?q=taxonomy/term/7">Jobs (93)</a><br />50 weeks 2 days ago</li><li><a href="?q=taxonomy/term/2">Meetings (64)</a><br />1 year 5 weeks ago</li><li><a href="?q=taxonomy/term/5">Courses (32)</a><br />1 year 13 weeks ago</li><li><a href="?q=taxonomy/term/4">Published elsewhere (21)</a><br />1 year 22 weeks ago</li><li><a href="?q=taxonomy/term/3">Funding (24)</a><br />2 years 8 weeks ago</li><li><a href="?q=taxonomy/term/1">Systematic Biology (22)</a><br />2 years 33 weeks ago</li></ul></div></div>
</div>
<div class="block block-user" id="block-user-0">
 <h2 class="title">User login</h2>
 <div class="content"><form action="?q=user/login" method="post">
<div class="user-login-block">
<input type="hidden" name="edit[destination]" value="files/Kirchoff_Appendix_1_files/filelist.xml" />
<div class="form-item">
 <label for="edit-name">Username:</label><br />
 <input type="text" maxlength="64" class="form-text" name="edit[name]" id="edit-name" size="15" value="" />
</div>
<div class="form-item">
 <label for="edit-pass">Password:</label><br />
 <input type="password" class="form-password" maxlength="64" name="edit[pass]" id="edit-pass" size="15" value="" />
</div>
<input type="submit" class="form-submit" name="op" value="Log in"  />
</div>

</form>
<div class="item-list"><ul><li><a href="?q=user/password" title="Request new password via e-mail.">Request new password</a></li></ul></div></div>
</div>
<div class="block block-user" id="block-user-1">
 <h2 class="title">Navigation</h2>
 <div class="content"><div class="menu">
<ul>
<li class="collapsed"><a href="?q=aggregator">news aggregator</a></li>

</ul>
</div></div>
</div>
<div class="block block-user" id="block-user-3">
 <h2 class="title">Who's online</h2>
 <div class="content">There are currently 0 users and 2 guests online.</div>
</div>
</td>
   <td id="main">
<div class="breadcrumb"></div><h2>Page not found</h2>
<!-- begin content -->

<!-- end content -->
 <div id="footer">&#169; 2015, Society of Systematic Biologists

<!-- Google Analytics -->
<script type="text/javascript">
var gaJsHost = (("https:" == document.location.protocol) ? "https://ssl." : "http://www.");
document.write(unescape("%3Cscript src='" + gaJsHost + "google-analytics.com/ga.js' type='text/javascript'%3E%3C/script%3E"));
</script>
<script type="text/javascript">
try {
var pageTracker = _gat._getTracker("UA-15489809-1");
pageTracker._trackPageview();
} catch(err) {}</script></div>
   </td>
   <td id="sidebar-right"><div class="block block-block" id="block-block-2">
 <h2 class="title">Twitter</h2>
 <div class="content"><p><script src="http://widgets.twimg.com/j/2/widget.js"></script> <script> new TWTR.Widget({ version: 2, type: 'search', search: 'systbiol', interval: 6000, title: '', subject: 'Society of Systematic Biologists', width: 250, height: 200, theme: { shell: { background: '#8ec1da', color: '#ffffff' }, tweets: { background: '#ffffff', color: '#444444', links: '#1985b5' } }, features: { scrollbar: false, loop: true, live: true, hashtags: true, timestamp: true, avatars: true, behavior: 'default' } }).render().start(); </script></p>
</div>
</div>
<div class="block block-aggregator" id="block-aggregator-feed:17">
 <h2 class="title">Latest issue</h2>
 <div class="content"><div class="item-list"><ul><li><a href="http://sysbio.oxfordjournals.org/cgi/content/short/65/2/i1?rss=1">Systematic Biology Volume 65, Number 2 March 2016 - Front Cover</a>
</li><li><a href="http://sysbio.oxfordjournals.org/cgi/content/short/65/2/A2?rss=1">Announcements</a>
</li><li><a href="http://sysbio.oxfordjournals.org/cgi/content/short/65/2/i2?rss=1">Systematic Biology - Editorial Board</a>
</li><li><a href="http://sysbio.oxfordjournals.org/cgi/content/short/65/2/i3?rss=1">Information for Members and Subscribers - Subscriptions</a>
</li><li><a href="http://sysbio.oxfordjournals.org/cgi/content/short/65/2/i4?rss=1">Systematic Biology Volume 65, Number 2 March 2016 - Back Cover</a>
</li><li><a href="http://sysbio.oxfordjournals.org/cgi/content/short/65/2/181?rss=1">A Robust Semi-Parametric Test for Detecting Trait-Dependent Diversification</a>
</li><li><a href="http://sysbio.oxfordjournals.org/cgi/content/short/65/2/194?rss=1">Geometric Morphometrics on Gene Expression Patterns Within Phenotypes: A Case Example on Limb Development</a>
</li><li><a href="http://sysbio.oxfordjournals.org/cgi/content/short/65/2/212?rss=1">Processes Driving the Adaptive Radiation of a Tropical Tree (Diospyros, Ebenaceae) in New Caledonia, a Biodiversity Hotspot</a>
</li><li><a href="http://sysbio.oxfordjournals.org/cgi/content/short/65/2/228?rss=1">Total-Evidence Dating under the Fossilized Birth-Death Process</a>
</li><li><a href="http://sysbio.oxfordjournals.org/cgi/content/short/65/2/250?rss=1">Genealogical Working Distributions for Bayesian Model Testing with Phylogenetic Uncertainty</a>
</li></ul></div><div class="more-link"><a href="?q=aggregator/sources/17" title="View this feed's recent news.">more</a></div></div>
</div>
<div class="block block-aggregator" id="block-aggregator-feed:14">
 <h2 class="title">EVOLDIR</h2>
 <div class="content"><div class="item-list"><ul><li><a href="http://evoldir.tumblr.com/post/140381938456">Graduate position: ULausanne.PopulationGenetics</a>
</li><li><a href="http://evoldir.tumblr.com/post/140376353226">Other: SSB.Mini-ARTS.Grant</a>
</li><li><a href="http://evoldir.tumblr.com/post/140321799931">Job: CornellU_UCIrvine.ResAssist.PlantPollinatorEvol</a>
</li></ul></div><div class="more-link"><a href="?q=aggregator/sources/14" title="View this feed's recent news.">more</a></div></div>
</div>
<div class="block block-aggregator" id="block-aggregator-feed:12">
 <h2 class="title">phylobabble.org</h2>
 <div class="content"><div class="item-list"><ul><li><a href="http://www.phylobabble.org/t/reconstructing-phylogenetic-tree-missing-data/625">Reconstructing Phylogenetic Tree / missing data</a>
</li><li><a href="http://www.phylobabble.org/t/what-topic-would-people-like-to-see-for-the-next-phyloseminar-series/616">What topic would people like to see for the next phyloseminar series?</a>
</li><li><a href="http://www.phylobabble.org/t/every-new-topic-will-now-be-posted-to-the-phylobabble-twitter-feed/615">Every new topic will now be posted to the @phylobabble Twitter feed</a>
</li></ul></div><div class="more-link"><a href="?q=aggregator/sources/12" title="View this feed's recent news.">more</a></div></div>
</div>
<div class="block block-aggregator" id="block-aggregator-feed:5">
 <h2 class="title">iPhylo</h2>
 <div class="content"><div class="item-list"><ul><li><a href="http://iphylo.blogspot.com/2016/03/cisco-pit-stop-digitising-natural.html">Cisco Pit Stop: Digitising the Natural History Museum’s collections</a>
</li><li><a href="http://iphylo.blogspot.com/2016/03/ispecies-meets-treebase.html">iSpecies meets TreeBASE</a>
</li><li><a href="http://iphylo.blogspot.com/2016/02/bootstrapping-biodiversity-knowledge.html">Bootstrapping the biodiversity knowledge graph with JSON-LD</a>
</li></ul></div><div class="more-link"><a href="?q=aggregator/sources/5" title="View this feed's recent news.">more</a></div></div>
</div>
<div class="block block-aggregator" id="block-aggregator-feed:22">
 <h2 class="title">Phyloseminar</h2>
 <div class="content"><div class="item-list"><ul></ul></div><div class="more-link"><a href="?q=aggregator/sources/22" title="View this feed's recent news.">more</a></div></div>
</div>
<div class="block block-aggregator" id="block-aggregator-feed:10">
 <h2 class="title">Systematics Association</h2>
 <div class="content"><div class="item-list"><ul><li><a href="http://www.systass.org/newsletter/">The Systematist 34</a>
</li><li><a href="http://bit.ly/TkF9Sn">Podcast of 2012 President's Lecture</a>
</li><li><a href="http://bit.ly/RqWEiC">Podcast of 2012 Sir Julian Huxley Lecture</a>
</li></ul></div><div class="more-link"><a href="?q=aggregator/sources/10" title="View this feed's recent news.">more</a></div></div>
</div>
<div class="block block-aggregator" id="block-aggregator-feed:13">
 <h2 class="title">NESCent</h2>
 <div class="content"><div class="item-list"><ul><li><a href="http://www.nescent.org/cal/calendar_detail.php?id=1148">PhyloOncology: the phylogenetics of cancer evolution</a>
</li><li><a href="http://www.nescent.org/cal/calendar_detail.php?id=1147">Forgotten Memories: immune memory beyond the adaptive immune system</a>
</li><li><a href="http://www.nescent.org/cal/calendar_detail.php?id=1140">Integrating Evolutionary Models of Human Fertility Change</a>
</li></ul></div><div class="more-link"><a href="?q=aggregator/sources/13" title="View this feed's recent news.">more</a></div></div>
</div>
<div class="block block-aggregator" id="block-aggregator-feed:21">
 <h2 class="title">The Genealogical World of Phylogenetic Networks</h2>
 <div class="content"><div class="item-list"><ul><li><a href="http://phylonetworks.blogspot.com/2016/03/religion-and-phylogenetic-networks.html">Religions and phylogenetic networks</a>
</li><li><a href="http://phylonetworks.blogspot.com/2016/02/unacknowledged-re-use-of-intellectual.html">Unacknowledged re-use of intellectual property</a>
</li><li><a href="http://phylonetworks.blogspot.com/2016/02/through-glass-darkly.html">Through a Glass Darkly</a>
</li></ul></div><div class="more-link"><a href="?q=aggregator/sources/21" title="View this feed's recent news.">more</a></div></div>
</div>
<div class="block block-aggregator" id="block-aggregator-feed:8">
 <h2 class="title">CiteULike Phylogeny</h2>
 <div class="content"><div class="item-list"><ul></ul></div><div class="more-link"><a href="?q=aggregator/sources/8" title="View this feed's recent news.">more</a></div></div>
</div>
<div class="block block-aggregator" id="block-aggregator-feed:9">
 <h2 class="title">Evolutionary Bioinformatics</h2>
 <div class="content"><div class="item-list"><ul><li><a href="http://la-press.com/assignment-of-calibration-information-to-deeper-phylogenetic-nodes-is--article-a4191?source=rss">Assignment of Calibration Information to Deeper Phylogenetic Nodes is More Effective in Obtaining Precise and Accurate Divergence Time Estimates</a>
</li><li><a href="http://la-press.com/a-multistep-screening-method-to-identify-genes-using-evolutionary-tran-article-a4167?source=rss">A Multistep Screening Method to Identify Genes Using Evolutionary Transcriptome of Plants</a>
</li><li><a href="http://la-press.com/trespexdetection-of-misleading-signal-in-phylogenetic-reconstructions--article-a4145?source=rss">TreSpEx&mdash;Detection of Misleading Signal in Phylogenetic Reconstructions Based on Tree Information</a>
</li></ul></div><div class="more-link"><a href="?q=aggregator/sources/9" title="View this feed's recent news.">more</a></div></div>
</div>
<div class="block block-aggregator" id="block-aggregator-feed:6">
 <h2 class="title">Cladistics</h2>
 <div class="content"><div class="item-list"><ul><li><a href="http://onlinelibrary.wiley.com/resolve/doi?DOI=10.1111%2Fcla.12157">The first phylogenetic study of Mesembrinellidae (Diptera: Oestroidea) based on molecular data: clades and congruence with morphological characters</a>
</li><li><a href="http://onlinelibrary.wiley.com/resolve/doi?DOI=10.1111%2Fcla.12151">The phylogeny of Hildoceratidae (Cephalopoda, Ammonitida) resolved by an integrated coding scheme of the conch</a>
</li><li><a href="http://onlinelibrary.wiley.com/resolve/doi?DOI=10.1111%2Fcla.12152">Emergent Properties</a>
</li></ul></div><div class="more-link"><a href="?q=aggregator/sources/6" title="View this feed's recent news.">more</a></div></div>
</div>
<div class="block block-aggregator" id="block-aggregator-feed:2">
 <h2 class="title">BMC Evolutionary Biology</h2>
 <div class="content"><div class="item-list"><ul><li><a href="http://www.biomedcentral.com/1471-2148/15/282">Sex-specific consequences of an induced immune response on reproduction in a moth</a>
</li><li><a href="http://www.biomedcentral.com/1471-2148/15/281">Membrane-associated collagens with interrupted triple-helices (MACITs): evolution from a bilaterian common ancestor and functional conservation in C. elegans</a>
</li><li><a href="http://www.biomedcentral.com/1471-2148/15/280">A chemosynthetic weed: the tubeworm Sclerolinum contortum is a bipolar, cosmopolitan species</a>
</li></ul></div><div class="more-link"><a href="?q=aggregator/sources/2" title="View this feed's recent news.">more</a></div></div>
</div>
<div class="block block-aggregator" id="block-aggregator-feed:4">
 <h2 class="title">Molecular Biology and Evolution</h2>
 <div class="content"><div class="item-list"><ul><li><a href="http://mbe.oxfordjournals.org/cgi/content/short/33/4/i1?rss=1">Cover</a>
</li><li><a href="http://mbe.oxfordjournals.org/cgi/content/short/33/4/i2?rss=1">Associate Editors</a>
</li><li><a href="http://mbe.oxfordjournals.org/cgi/content/short/33/4/i3?rss=1">SMBE Editors and Council</a>
</li><li><a href="http://mbe.oxfordjournals.org/cgi/content/short/33/4/i4?rss=1">Subscription Page</a>
</li><li><a href="http://mbe.oxfordjournals.org/cgi/content/short/33/4/863?rss=1">Advances in Time Estimation Methods for Molecular Data</a>
</li></ul></div><div class="more-link"><a href="?q=aggregator/sources/4" title="View this feed's recent news.">more</a></div></div>
</div>
</td>
  </tr>
 </table>
 </body>
</html>
